cluster,attack,decay,attack_exp,decay_exp,offset_ms,enabled
0,0.01,0.99,0,1,-27.777782,1
1,0.01,0.99,0,1,12.222221,1
2,0.01,0.99,0,1,0.0,1
3,0.01,0.99,0,1,0.0,1
4,0.08,0.18,0,0,0.0,1
5,0.12,0.18,0,0,0.0,1
6,0.04,0.18,0,0,0.0,1
7,0.08,0.18,0,0,0.0,1
