start_time,end_time,tempo_bpm
0.000000,18.262494,109.96
18.262494,97.895329,99.38
97.895329,104.896145,105.47
104.896145,163.143401,99.38
163.143401,187.245714,103.36
