cluster,attack,decay,sustain,release,attack_exp,decay_exp
0,0.09022556,0.61278194,0.0,0.0,1,1
1,0.082706764,0.5263158,0.0,0.39097744,1,1
2,0.12,0.18,0.45,0.35,0,0
3,0.04,0.18,0.0,0.25,0,0
4,0.08,0.18,0.0,0.3,0,0
5,0.12,0.18,0.0,0.35,0,0
6,0.04,0.18,0.0,0.25,0,0
7,0.08,0.18,0.0,0.3,0,0
