start_time,end_time,tempo_bpm
0.000000,7.453605,117.45
7.453605,15.894059,152.00
15.894059,28.200635,206.72
28.200635,191.200000,152.00
