cluster,attack,decay,attack_exp,decay_exp,offset_ms,enabled
0,0.21555556,0.57222223,0,0,-12.222223,1
1,0.01,0.26111108,0,0,-15.555556,1
2,0.14333335,0.14999998,0,0,0.0,1
3,0.01,0.39999995,0,0,0.0,1
4,0.08,0.7,0,0,0.0,1
5,0.12,0.65,0,0,0.0,1
6,0.16,0.59999996,0,0,0.0,1
7,0.19999999,0.54999995,0,0,0.0,1
