start_time,end_time,tempo_bpm
0.000000,260.748481,97.51
260.748481,290.237823,83.35
290.237823,374.733333,101.33
