start_time,end_time,label
0.000000,51.873379,0
51.873379,132.527891,1
132.527891,320.156735,2
320.156735,320.586304,3
320.586304,327.970249,2
327.970249,329.514376,0
329.514376,359.480000,2
