start_time,end_time,tempo_bpm
0.000000,26.006349,132.51
26.006349,330.333333,147.66
